Time,CPU Util,GPU Util,MEM Util,CPU Temp,GPU Temp,CPU Power Consumption,GPU Power Consumption
22:15:33,20.5,0.0,0.37,47.5,46.5,2.08,0.0
22:15:35,20.5,0.0,0.38,48.0,45.5,1.73,0.0
22:15:38,28.39,0.0,0.4,47.0,45.0,1.33,0.0
22:15:40,27.43,0.0,0.41,47.0,45.0,1.21,0.0
22:15:43,20.5,0.0,0.41,47.0,45.5,1.21,0.0
22:15:45,20.5,0.0,0.41,47.0,45.5,1.25,0.0
22:15:48,20.5,0.0,0.41,47.5,45.5,1.22,0.0
22:15:50,26.33,0.0,0.41,46.5,45.5,1.21,0.0
22:15:53,26.16,0.0,0.41,46.5,45.5,1.22,0.0
22:15:55,20.5,0.0,0.41,46.5,45.5,1.33,0.0
22:15:58,20.5,0.0,0.41,46.5,45.0,1.22,0.0
22:16:00,26.11,0.0,0.41,47.0,45.5,1.29,0.0
22:16:03,26.1,0.0,0.41,46.5,45.5,1.29,0.0
22:16:05,20.5,0.0,0.41,47.0,45.5,1.25,0.0
22:16:08,20.5,0.0,0.41,47.0,45.0,1.22,0.0
22:16:10,26.1,0.0,0.41,47.0,45.5,1.33,0.0
22:16:13,26.08,0.0,0.41,46.5,45.5,1.3,0.0
22:16:15,20.5,0.0,0.41,47.5,45.5,1.22,0.0
22:16:18,20.5,0.0,0.41,46.5,46.0,1.22,0.0
22:16:20,26.0,0.0,0.41,47.0,46.0,1.29,0.0
22:16:23,25.97,0.0,0.41,46.5,45.5,1.34,0.0
22:16:25,20.5,0.0,0.41,47.5,45.0,1.25,0.0
22:16:28,20.5,0.0,0.41,47.0,45.5,1.22,0.0
22:16:30,25.9,0.0,0.41,46.5,45.0,1.3,0.0
22:16:33,25.87,0.0,0.41,47.0,45.0,1.22,0.0
22:16:35,20.5,0.0,0.41,47.0,45.5,1.3,0.0
22:16:38,20.5,0.0,0.41,47.0,45.5,1.22,0.0
22:16:40,25.84,0.0,0.41,46.5,45.5,1.25,0.0
22:16:43,25.84,0.0,0.41,46.5,45.5,1.3,0.0
22:16:45,20.5,0.0,0.41,46.5,45.5,1.22,0.0
22:16:48,20.5,0.0,0.41,47.0,45.5,1.25,0.0
22:16:50,25.8,0.0,0.41,48.0,45.0,1.22,0.0
22:16:53,25.8,0.0,0.41,47.5,45.5,1.25,0.0
22:16:55,20.5,0.0,0.41,47.0,45.5,1.34,0.0
22:16:58,20.5,0.0,0.41,47.5,45.5,1.33,0.0
22:17:00,25.83,0.0,0.41,47.5,45.5,1.22,0.0
22:17:03,25.81,0.0,0.41,47.0,45.5,1.22,0.0
22:17:05,20.5,0.0,0.41,47.0,45.5,1.33,0.0
22:17:08,20.5,0.0,0.41,47.0,45.5,1.25,0.0
22:17:10,25.81,0.0,0.41,47.5,45.5,1.25,0.0
22:17:13,25.81,0.0,0.41,47.5,45.5,1.3,0.0
22:17:15,20.5,0.0,0.41,47.5,45.5,1.3,0.0
22:17:18,20.5,0.0,0.41,46.5,45.5,1.22,0.0
22:17:20,25.8,0.0,0.41,47.5,45.5,1.25,0.0
22:17:23,25.8,0.0,0.41,47.0,45.5,1.29,0.0
22:17:25,20.5,0.0,0.41,47.0,45.5,1.25,0.0
22:17:28,20.5,0.0,0.41,47.0,45.5,1.34,0.0
22:17:30,25.8,0.0,0.41,46.5,45.5,1.25,0.0
22:17:33,25.8,0.0,0.41,47.0,45.5,1.22,0.0
22:17:35,20.5,0.0,0.41,47.0,45.5,1.34,0.0
22:17:38,20.5,0.0,0.41,46.0,45.5,1.25,0.0
22:17:40,25.78,0.0,0.41,47.5,46.0,1.22,0.0
22:17:43,25.78,0.0,0.41,46.5,45.5,1.33,0.0
22:17:45,20.5,0.0,0.41,47.0,45.5,1.22,0.0
22:17:48,20.5,0.0,0.41,47.5,45.0,1.22,0.0
22:17:50,25.79,0.0,0.41,46.5,45.0,1.29,0.0
22:17:53,25.8,0.0,0.41,46.0,45.5,1.3,0.0
22:17:55,20.5,0.0,0.41,47.5,45.5,1.22,0.0
22:17:58,20.5,0.0,0.41,46.0,45.5,1.38,0.0
22:18:00,25.81,0.0,0.41,46.5,45.5,1.25,0.0
22:18:03,25.81,0.0,0.41,47.0,45.5,1.22,0.0
22:18:05,20.5,0.0,0.41,47.0,45.5,1.25,0.0
22:18:08,20.5,0.0,0.41,47.0,46.0,1.22,0.0
22:18:10,25.81,0.0,0.41,47.5,45.5,1.29,0.0
22:18:13,25.81,0.0,0.41,46.5,45.5,1.25,0.0
22:18:15,20.5,0.0,0.41,47.0,45.5,1.25,0.0
22:18:18,20.5,0.0,0.42,47.0,45.5,1.3,0.0
22:18:20,25.8,0.0,0.42,46.5,45.5,1.25,0.0
22:18:23,25.8,0.0,0.41,46.5,45.5,1.22,0.0
22:18:25,20.5,0.0,0.41,47.0,45.5,1.3,0.0
22:18:28,20.5,0.0,0.41,47.0,45.5,1.3,0.0
22:18:30,25.79,0.0,0.41,48.0,45.0,1.25,0.0
22:18:33,25.8,0.0,0.42,47.5,45.5,1.26,0.0
22:18:35,20.5,0.0,0.42,47.5,45.5,1.25,0.0
22:18:38,20.5,0.0,0.42,47.0,45.5,1.22,0.0
22:18:41,25.79,0.0,0.41,46.5,46.0,1.22,0.0
22:18:43,25.79,0.0,0.42,47.5,45.5,1.34,0.0
22:18:46,20.5,0.0,0.41,46.5,45.5,1.22,0.0
22:18:48,20.5,0.0,0.41,46.5,45.5,1.18,0.0
22:18:51,25.8,0.0,0.42,47.0,45.5,1.3,0.0
22:18:53,25.8,0.0,0.41,47.5,45.5,1.22,0.0
22:18:56,20.51,0.0,0.42,47.0,45.0,1.34,0.0
22:18:58,20.51,0.0,0.41,46.5,45.0,1.25,0.0
22:19:01,25.8,0.0,0.41,46.5,45.5,1.22,0.0
22:19:03,25.8,0.0,0.42,47.0,45.5,1.3,0.0
22:19:06,20.51,0.0,0.41,46.5,45.0,1.22,0.0
22:19:08,20.51,0.0,0.41,47.0,45.5,1.26,0.0
22:19:11,25.78,0.0,0.41,47.0,45.5,1.26,0.0
22:19:13,25.78,0.0,0.41,47.0,45.0,1.22,0.0
22:19:16,20.51,0.0,0.42,46.5,45.5,1.3,0.0
22:19:18,20.51,0.0,0.42,47.0,45.5,1.22,0.0
22:19:21,25.77,0.0,0.42,47.0,45.5,1.3,0.0
22:19:23,25.76,0.0,0.42,47.5,45.5,1.25,0.0
22:19:26,20.51,0.0,0.42,46.5,46.0,1.25,0.0
22:19:28,20.51,0.0,0.42,46.5,45.5,1.26,0.0
22:19:31,25.76,0.0,0.41,48.0,46.0,1.22,0.0
22:19:33,25.76,0.0,0.42,46.5,46.0,1.3,0.0
22:19:36,20.51,0.0,0.41,47.0,45.5,1.25,0.0
22:19:38,20.51,0.0,0.42,47.0,45.5,1.3,0.0
22:19:41,25.76,0.0,0.41,47.0,45.5,1.25,0.0
22:19:43,25.76,0.0,0.42,47.5,45.5,1.26,0.0
22:19:46,20.51,0.0,0.42,46.5,45.5,1.26,0.0
22:19:48,20.51,0.0,0.42,47.0,45.5,1.25,0.0
22:19:51,25.77,0.0,0.42,47.0,46.0,1.34,0.0
22:19:53,25.77,0.0,0.42,47.0,45.5,1.26,0.0
22:19:56,20.51,0.0,0.42,47.0,45.5,1.3,0.0
22:19:58,20.51,0.0,0.41,46.5,45.5,1.22,0.0
22:20:01,25.77,0.0,0.41,47.0,45.5,1.22,0.0
22:20:03,25.77,0.0,0.42,46.5,46.0,1.25,0.0
22:20:06,20.51,0.0,0.41,47.0,46.0,1.25,0.0
22:20:08,20.51,0.0,0.41,47.5,45.5,1.22,0.0
22:20:11,25.77,0.0,0.42,46.5,45.5,1.3,0.0
22:20:13,25.78,0.0,0.42,46.5,45.5,1.22,0.0
22:20:16,20.51,0.0,0.41,46.5,45.5,1.22,0.0
22:20:18,20.51,0.0,0.42,47.0,46.0,1.34,0.0
22:20:21,25.77,0.0,0.42,46.5,45.5,1.22,0.0
22:20:23,25.77,0.0,0.42,46.5,45.5,1.22,0.0
22:20:26,20.51,0.0,0.42,47.5,45.0,1.3,0.0
22:20:28,20.51,0.0,0.42,47.0,45.5,1.22,0.0
22:20:31,25.76,0.0,0.42,47.0,45.5,1.22,0.0
22:20:33,25.76,0.0,0.42,47.0,45.5,1.3,0.0
22:20:36,20.51,0.0,0.41,47.0,45.5,1.22,0.0
22:20:38,20.51,0.0,0.42,47.5,45.5,1.3,0.0
22:20:41,25.77,0.0,0.41,46.5,45.5,1.22,0.0
22:20:43,25.77,0.0,0.41,46.5,45.5,1.26,0.0
22:20:46,20.51,0.0,0.42,48.0,45.5,1.3,0.0
22:20:48,20.51,0.0,0.41,47.0,45.5,1.22,0.0
22:20:51,25.77,0.0,0.41,47.0,45.0,1.25,0.0
22:20:53,25.76,0.0,0.41,47.0,45.0,1.3,0.0
22:20:56,20.51,0.0,0.41,48.0,45.5,1.22,0.0
22:20:58,20.51,0.0,0.42,48.0,45.5,1.3,0.0
22:21:01,25.77,0.0,0.42,46.0,45.5,1.22,0.0
22:21:03,25.77,0.0,0.41,46.5,45.5,1.22,0.0
22:21:06,20.51,0.0,0.42,47.0,45.5,1.3,0.0
22:21:08,20.51,0.0,0.41,47.0,45.5,1.22,0.0
22:21:11,25.77,0.0,0.42,47.0,45.0,1.22,0.0
22:21:13,25.77,0.0,0.42,48.0,45.5,1.3,0.0
22:21:16,20.51,0.0,0.41,47.0,46.0,1.22,0.0
22:21:18,20.51,0.0,0.42,47.0,45.5,1.3,0.0
22:21:21,25.77,0.0,0.41,46.5,45.5,1.22,0.0
22:21:23,25.77,0.0,0.41,47.0,45.5,1.22,0.0
22:21:26,20.51,0.0,0.41,47.0,45.5,1.22,0.0
22:21:28,20.51,0.0,0.41,46.5,45.5,1.22,0.0
22:21:31,25.77,0.0,0.41,47.0,46.0,1.53,0.0
22:21:33,25.77,0.0,0.41,47.5,45.5,1.26,0.0
22:21:36,20.51,0.0,0.41,47.5,45.5,1.22,0.0
22:21:38,20.51,0.0,0.41,47.0,45.5,1.22,0.0
22:21:41,25.77,0.0,0.42,47.0,45.5,1.25,0.0
22:21:43,25.78,0.0,0.41,46.5,45.5,1.25,0.0
22:21:46,20.51,0.0,0.42,46.5,45.5,1.3,0.0
22:21:48,20.51,0.0,0.41,47.0,45.5,1.22,0.0
22:21:51,25.77,0.0,0.42,47.5,45.5,1.34,0.0
22:21:53,25.77,0.0,0.41,47.5,45.5,1.18,0.0
22:21:56,20.51,0.0,0.42,47.0,45.5,1.18,0.0
22:21:58,20.51,0.0,0.41,47.5,45.5,1.34,0.0
22:22:01,25.76,0.0,0.42,47.5,45.5,1.22,0.0
22:22:03,25.76,0.0,0.42,47.0,46.0,1.26,0.0
22:22:06,20.51,0.0,0.42,47.5,45.5,1.34,0.0
22:22:08,20.51,0.0,0.41,47.0,45.5,1.22,0.0
22:22:11,25.76,0.0,0.42,47.5,45.5,1.25,0.0
22:22:13,25.76,0.0,0.42,46.5,45.5,1.3,0.0
22:22:16,20.51,0.0,0.41,47.0,45.5,1.26,0.0
22:22:18,20.51,0.0,0.42,46.5,46.0,1.26,0.0
22:22:21,25.77,0.0,0.42,47.0,46.0,1.25,0.0
22:22:23,25.76,0.0,0.42,47.0,45.5,1.3,0.0
22:22:26,20.51,0.0,0.41,47.5,45.5,1.26,0.0
22:22:28,20.51,0.0,0.41,47.0,45.5,1.25,0.0
22:22:31,25.76,0.0,0.41,46.5,45.0,1.22,0.0
22:22:33,25.76,0.0,0.41,47.0,45.0,1.22,0.0
22:22:36,20.51,0.0,0.42,47.0,45.5,1.26,0.0
22:22:38,20.51,0.0,0.42,46.5,45.5,1.22,0.0
22:22:41,25.75,0.0,0.42,47.5,45.5,1.3,0.0
22:22:43,25.75,0.0,0.42,46.5,45.5,1.26,0.0
22:22:46,20.51,0.0,0.42,47.0,45.0,1.3,0.0
22:22:48,20.51,0.0,0.42,46.5,45.0,1.26,0.0
22:22:51,25.76,0.0,0.42,47.0,45.0,1.22,0.0
22:22:53,25.76,0.0,0.42,47.5,45.0,1.34,0.0
22:22:56,20.51,0.0,0.42,46.5,45.5,1.22,0.0
22:22:58,20.51,0.0,0.42,47.5,45.0,1.34,0.0
22:23:01,25.76,0.0,0.42,47.5,45.5,1.22,0.0
22:23:03,25.76,0.0,0.42,48.0,45.5,1.22,0.0
22:23:06,20.51,0.0,0.42,46.5,45.5,1.18,0.0
22:23:08,20.51,0.0,0.42,46.5,45.5,1.22,0.0
22:23:11,25.75,0.0,0.42,46.0,45.5,1.3,0.0
22:23:13,25.75,0.0,0.42,46.5,45.5,1.25,0.0
22:23:16,20.51,0.0,0.42,47.0,46.0,1.22,0.0
22:23:18,20.51,0.0,0.42,47.0,45.5,1.3,0.0
22:23:21,25.75,0.0,0.42,46.5,45.5,1.26,0.0
22:23:23,25.75,0.0,0.42,47.5,46.0,1.22,0.0
22:23:26,20.51,0.0,0.42,46.5,45.5,1.3,0.0
22:23:28,20.51,0.0,0.42,47.5,45.5,1.18,0.0
22:23:31,25.75,0.0,0.42,47.5,45.5,1.26,0.0
22:23:33,25.75,0.0,0.42,46.5,45.5,1.26,0.0
22:23:36,20.51,0.0,0.42,46.5,46.0,1.22,0.0
22:23:38,20.51,0.0,0.42,47.0,45.5,1.3,0.0
22:23:41,25.75,0.0,0.42,46.5,46.0,1.22,0.0
22:23:43,25.75,0.0,0.42,47.5,45.5,1.25,0.0
22:23:46,20.51,0.0,0.42,46.0,45.5,1.26,0.0
22:23:48,20.51,0.0,0.42,47.5,45.5,1.22,0.0
22:23:51,25.75,0.0,0.42,46.5,45.5,1.3,0.0
22:23:53,25.75,0.0,0.42,47.5,45.5,1.22,0.0
22:23:56,20.51,0.0,0.42,47.5,45.5,1.3,0.0
22:23:58,20.51,0.0,0.42,46.5,45.5,1.26,0.0
22:24:01,25.74,0.0,0.42,46.5,45.5,1.25,0.0
22:24:03,25.74,0.0,0.42,46.5,45.5,1.26,0.0
22:24:06,20.51,0.0,0.42,47.0,45.5,1.22,0.0
22:24:08,20.51,0.0,0.42,47.0,45.5,1.25,0.0
22:24:11,25.74,0.0,0.42,46.0,45.5,1.3,0.0
22:24:13,25.74,0.0,0.42,46.0,45.5,1.26,0.0
22:24:16,20.51,0.0,0.42,47.5,45.5,1.22,0.0
22:24:18,20.51,0.0,0.42,47.5,45.0,1.3,0.0
22:24:21,25.74,0.0,0.42,47.0,45.5,1.22,0.0
22:24:23,25.74,0.0,0.42,46.5,45.5,1.3,0.0
22:24:26,20.51,0.0,0.42,47.0,45.0,1.22,0.0
22:24:28,20.51,0.0,0.42,46.5,45.0,1.22,0.0
22:24:31,25.74,0.0,0.42,47.5,45.0,1.22,0.0
22:24:33,25.74,0.0,0.42,47.0,45.5,1.22,0.0
22:24:36,20.51,0.0,0.42,47.0,45.5,1.26,0.0
22:24:38,20.51,0.0,0.42,47.5,45.5,1.26,0.0
22:24:41,25.74,0.0,0.42,47.0,45.5,1.34,0.0
22:24:43,25.74,0.0,0.42,48.0,45.5,1.22,0.0
22:24:46,20.51,0.0,0.42,46.5,45.5,1.22,0.0
22:24:48,20.51,0.0,0.42,47.5,45.5,1.26,0.0
22:24:51,25.74,0.0,0.42,47.5,45.5,1.26,0.0
22:24:53,25.74,0.0,0.42,47.0,45.0,1.38,0.0
22:24:56,20.51,0.0,0.42,47.0,45.0,1.26,0.0
22:24:58,20.51,0.0,0.42,46.5,45.5,1.26,0.0
22:25:01,25.75,0.0,0.42,47.5,45.0,1.18,0.0
22:25:03,25.75,0.0,0.42,47.0,45.5,1.26,0.0
22:25:06,20.51,0.0,0.42,47.0,45.5,1.26,0.0
22:25:08,20.51,0.0,0.42,47.0,45.5,1.22,0.0
22:25:11,25.75,0.0,0.42,47.0,45.0,1.3,0.0
22:25:13,25.75,0.0,0.42,47.0,45.5,1.22,0.0
22:25:16,20.51,0.0,0.42,47.0,45.0,1.3,0.0
22:25:18,20.51,0.0,0.42,47.5,45.0,1.22,0.0
22:25:21,25.75,0.0,0.42,47.0,45.5,1.3,0.0
22:25:23,25.75,0.0,0.42,46.0,46.0,1.22,0.0
22:25:26,20.51,0.0,0.42,47.5,45.5,1.26,0.0
22:25:28,20.51,0.0,0.42,46.5,45.5,1.3,0.0
22:25:31,25.74,0.0,0.42,47.0,45.5,1.18,0.0
22:25:33,25.74,0.0,0.42,47.0,45.5,1.26,0.0
22:25:36,20.51,0.0,0.42,47.5,45.5,1.26,0.0
22:25:38,20.51,0.0,0.42,46.5,45.5,1.22,0.0
22:25:41,25.74,0.0,0.42,47.0,45.0,1.22,0.0
22:25:43,25.74,0.0,0.42,46.5,45.5,1.22,0.0
22:25:46,20.51,0.0,0.42,47.5,45.5,1.26,0.0
22:25:48,20.51,0.0,0.42,47.0,45.5,1.22,0.0
22:25:51,25.74,0.0,0.42,47.0,45.5,1.22,0.0
22:25:53,25.74,0.0,0.42,47.5,45.5,1.26,0.0
22:25:56,20.51,0.0,0.42,46.0,45.0,1.22,0.0
22:25:58,20.51,0.0,0.42,46.0,45.5,1.22,0.0
22:26:01,25.74,0.0,0.42,46.5,45.5,1.26,0.0
22:26:03,25.74,0.0,0.42,47.0,45.5,1.22,0.0
22:26:06,20.51,0.0,0.42,47.5,45.5,1.3,0.0
22:26:08,20.51,0.0,0.42,47.0,45.5,1.18,0.0
22:26:11,25.74,0.0,0.42,47.5,45.5,1.25,0.0
22:26:13,25.74,0.0,0.42,47.0,45.5,1.22,0.0
22:26:16,20.51,0.0,0.42,47.5,45.5,1.22,0.0
22:26:18,20.51,0.0,0.42,47.0,45.5,1.22,0.0
22:26:21,25.74,0.0,0.42,46.5,45.0,1.3,0.0
22:26:23,25.74,0.0,0.42,46.0,45.5,1.22,0.0
22:26:26,20.51,0.0,0.42,47.0,45.5,1.22,0.0
22:26:28,20.51,0.0,0.42,46.5,45.5,1.26,0.0
22:26:31,25.74,0.0,0.42,47.5,46.0,1.18,0.0
22:26:33,25.74,0.0,0.42,47.5,46.0,1.3,0.0
22:26:36,20.51,0.0,0.42,47.0,45.5,1.22,0.0
22:26:38,20.51,0.0,0.42,46.5,45.5,1.26,0.0
22:26:41,25.74,0.0,0.42,47.5,45.0,1.22,0.0
22:26:43,25.74,0.0,0.42,47.0,45.0,1.22,0.0
22:26:46,20.51,0.0,0.42,46.0,45.5,1.25,0.0
22:26:48,20.51,0.0,0.42,47.5,45.5,1.22,0.0
22:26:51,25.74,0.0,0.42,47.5,45.5,1.3,0.0
22:26:53,25.74,0.0,0.42,47.5,45.5,1.22,0.0
22:26:56,20.51,0.0,0.42,46.5,45.5,1.3,0.0
22:26:58,20.51,0.0,0.42,46.5,45.5,1.22,0.0
22:27:01,25.74,0.0,0.42,47.0,45.0,1.26,0.0
22:27:03,25.74,0.0,0.42,46.5,45.5,1.26,0.0
22:27:06,20.51,0.0,0.42,46.5,45.5,1.3,0.0
22:27:08,20.51,0.0,0.42,47.5,45.5,1.18,0.0
22:27:11,25.74,0.0,0.42,47.5,45.0,1.42,0.0
22:27:13,25.74,0.0,0.42,46.5,45.5,1.22,0.0
22:27:16,20.51,0.0,0.42,47.5,45.5,1.26,0.0
22:27:19,20.51,0.0,0.42,47.0,45.5,1.3,0.0
22:27:21,25.74,0.0,0.42,46.5,45.5,1.22,0.0
22:27:24,25.74,0.0,0.42,46.5,45.5,1.29,0.0
22:27:26,20.51,0.0,0.42,46.0,45.5,1.18,0.0
22:27:29,20.51,0.0,0.42,47.0,45.5,1.3,0.0
22:27:31,25.74,0.0,0.42,46.5,45.5,1.17,0.0
22:27:34,25.74,0.0,0.42,47.0,45.5,1.26,0.0
22:27:36,20.51,0.0,0.42,47.0,45.5,1.22,0.0
22:27:39,20.51,0.0,0.42,47.0,45.5,1.18,0.0
22:27:41,25.74,0.0,0.42,46.5,45.5,1.18,0.0
22:27:44,25.74,0.0,0.42,47.0,45.5,1.18,0.0
22:27:46,20.51,0.0,0.42,47.5,45.5,1.26,0.0
22:27:49,20.51,0.0,0.42,47.0,45.5,1.26,0.0
22:27:51,25.75,0.0,0.42,46.5,45.5,1.25,0.0
22:27:54,25.75,0.0,0.42,47.0,45.5,1.18,0.0
22:27:56,20.51,0.0,0.42,47.5,45.5,1.25,0.0
22:27:59,20.51,0.0,0.42,46.5,45.5,1.22,0.0
22:28:01,25.74,0.0,0.42,47.0,45.5,1.3,0.0
22:28:04,25.74,0.0,0.42,46.5,45.5,1.3,0.0
22:28:06,20.51,0.0,0.42,47.0,45.5,1.22,0.0
22:28:09,20.51,0.0,0.42,47.5,45.5,1.26,0.0
22:28:11,25.75,0.0,0.42,46.5,46.0,1.22,0.0
22:28:14,25.75,0.0,0.42,47.0,45.5,1.3,0.0
22:28:16,20.51,0.0,0.42,46.5,45.5,1.22,0.0
22:28:19,20.51,0.0,0.42,47.0,45.5,1.26,0.0
22:28:21,25.75,0.0,0.42,47.5,45.5,1.22,0.0
22:28:24,25.75,0.0,0.42,46.5,45.5,1.22,0.0
22:28:26,20.51,0.0,0.42,47.5,45.5,1.26,0.0
22:28:29,20.51,0.0,0.42,47.5,45.5,1.18,0.0
22:28:31,25.74,0.0,0.42,47.0,45.5,1.3,0.0
22:28:34,25.74,0.0,0.42,46.5,46.0,1.22,0.0
22:28:36,20.51,0.0,0.42,47.0,45.5,1.25,0.0
22:28:39,20.51,0.0,0.42,46.0,46.0,1.22,0.0
22:28:41,25.74,0.0,0.42,48.0,45.5,1.34,0.0
22:28:44,25.75,0.0,0.42,46.5,45.5,1.22,0.0
22:28:46,20.51,0.0,0.42,47.0,45.5,1.22,0.0
22:28:49,20.51,0.0,0.42,47.0,45.5,1.3,0.0
22:28:51,25.74,0.0,0.42,47.5,45.5,1.22,0.0
22:28:54,25.74,0.0,0.42,46.5,45.5,1.26,0.0
22:28:56,20.51,0.0,0.42,47.5,45.5,1.18,0.0
22:28:59,20.51,0.0,0.42,47.0,45.5,1.26,0.0
22:29:01,25.74,0.0,0.42,46.5,45.5,1.22,0.0
22:29:04,25.74,0.0,0.42,47.5,45.5,1.3,0.0
22:29:06,20.51,0.0,0.42,47.0,45.0,1.22,0.0
22:29:09,20.51,0.0,0.42,46.0,45.5,1.22,0.0
22:29:11,25.74,0.0,0.42,46.5,45.5,1.18,0.0
22:29:14,25.74,0.0,0.42,46.5,45.0,1.22,0.0
22:29:16,20.51,0.0,0.42,46.5,45.5,1.26,0.0
22:29:19,20.51,0.0,0.42,47.0,45.5,1.18,0.0
22:29:21,25.74,0.0,0.42,46.5,45.5,1.3,0.0
22:29:24,25.74,0.0,0.42,46.0,46.0,1.22,0.0
22:29:26,20.51,0.0,0.42,47.5,45.5,1.26,0.0
22:29:29,20.51,0.0,0.42,47.0,45.5,1.26,0.0
22:29:31,25.74,0.0,0.42,46.5,45.5,1.25,0.0
22:29:34,25.74,0.0,0.42,47.0,45.0,1.3,0.0
22:29:36,20.51,0.0,0.42,46.5,46.0,1.22,0.0
22:29:39,20.51,0.0,0.42,46.5,46.0,1.25,0.0
22:29:41,25.74,0.0,0.42,46.5,45.5,1.22,0.0
22:29:44,25.74,0.0,0.42,47.5,45.5,1.25,0.0
22:29:46,20.51,0.0,0.42,48.0,45.5,1.3,0.0
22:29:49,20.51,0.0,0.42,47.0,45.5,1.22,0.0
22:29:51,25.74,0.0,0.42,47.5,45.5,1.22,0.0
22:29:54,25.74,0.0,0.42,46.5,45.5,1.3,0.0
22:29:56,20.51,0.0,0.42,47.5,45.5,1.18,0.0
22:29:59,20.51,0.0,0.42,47.0,45.5,1.22,0.0
22:30:01,25.74,0.0,0.42,47.5,46.0,1.22,0.0
22:30:04,25.74,0.0,0.42,47.0,46.0,1.22,0.0
22:30:06,20.51,0.0,0.42,48.0,45.5,1.22,0.0
22:30:09,20.51,0.0,0.42,47.5,45.5,1.18,0.0
22:30:11,25.74,0.0,0.42,46.5,45.5,1.22,0.0
22:30:14,25.74,0.0,0.42,47.5,45.5,1.22,0.0
22:30:16,20.51,0.0,0.42,47.5,45.5,1.26,0.0
22:30:19,20.51,0.0,0.42,46.5,45.5,1.22,0.0
22:30:21,25.74,0.0,0.42,47.5,46.0,1.3,0.0
22:30:24,25.74,0.0,0.42,46.5,46.0,1.18,0.0
22:30:26,20.51,0.0,0.42,47.5,45.5,1.18,0.0
22:30:29,20.51,0.0,0.42,46.5,46.0,1.22,0.0
22:30:31,25.74,0.0,0.42,47.0,45.5,1.22,0.0
22:30:34,25.74,0.0,0.42,46.5,45.5,1.22,0.0
22:30:36,20.51,0.0,0.42,47.5,45.5,1.25,0.0
22:30:39,20.51,0.0,0.42,47.5,45.5,1.22,0.0
22:30:41,25.74,0.0,0.42,47.0,45.5,1.3,0.0
22:30:44,25.74,0.0,0.42,47.5,45.5,1.3,0.0
22:30:46,20.51,0.0,0.42,47.0,45.5,1.18,0.0
22:30:49,20.51,0.0,0.42,47.0,45.5,1.3,0.0
22:30:51,25.74,0.0,0.42,46.0,45.5,1.22,0.0
22:30:54,25.74,0.0,0.42,46.5,45.5,1.3,0.0
22:30:56,20.51,0.0,0.42,46.5,45.5,1.22,0.0
22:30:59,20.51,0.0,0.42,46.5,45.5,1.3,0.0
22:31:01,25.75,0.0,0.42,47.5,45.5,1.18,0.0
22:31:04,25.75,0.0,0.42,46.5,45.5,1.22,0.0
22:31:06,20.51,0.0,0.42,46.5,46.0,1.26,0.0
22:31:09,20.51,0.0,0.42,47.5,45.5,1.22,0.0
22:31:11,25.75,0.0,0.42,47.5,45.5,1.29,0.0
22:31:14,25.75,0.0,0.42,46.5,45.0,1.22,0.0
22:31:16,20.51,0.0,0.42,47.5,45.5,1.3,0.0
22:31:19,20.51,0.0,0.42,47.0,45.5,1.29,0.0
22:31:21,25.75,0.0,0.42,47.5,45.5,1.22,0.0
22:31:24,25.75,0.0,0.42,46.5,45.5,1.26,0.0
22:31:26,20.51,0.0,0.42,47.0,46.0,1.18,0.0
22:31:29,20.51,0.0,0.42,47.0,46.0,1.3,0.0
22:31:31,25.75,0.0,0.42,46.5,45.5,1.26,0.0
22:31:34,25.75,0.0,0.42,47.0,45.5,1.3,0.0
22:31:36,20.51,0.0,0.42,46.5,45.0,1.22,0.0
22:31:39,20.51,0.0,0.42,47.5,45.5,1.22,0.0
22:31:41,25.75,0.0,0.42,48.0,45.5,1.26,0.0
22:31:44,25.75,0.0,0.42,47.0,45.0,1.26,0.0
22:31:46,20.51,0.0,0.42,48.0,45.5,1.3,0.0
22:31:49,20.52,0.0,0.42,47.0,45.5,1.18,0.0
22:31:51,25.75,0.0,0.42,46.5,45.5,1.34,0.0
22:31:54,25.75,0.0,0.42,47.0,45.5,1.22,0.0
22:31:56,20.52,0.0,0.42,46.5,45.5,1.22,0.0
22:31:59,20.52,0.0,0.42,47.0,45.5,1.3,0.0
22:32:01,25.75,0.0,0.42,46.5,45.5,1.22,0.0
22:32:04,25.75,0.0,0.42,46.5,45.5,1.3,0.0
22:32:06,20.52,0.0,0.42,47.0,46.0,1.25,0.0
22:32:09,20.52,0.0,0.42,47.5,45.5,1.26,0.0
22:32:11,25.75,0.0,0.42,47.0,45.5,1.3,0.0
22:32:14,25.75,0.0,0.42,46.5,45.5,1.3,0.0
22:32:16,20.52,0.0,0.42,47.0,45.5,1.22,0.0
22:32:19,20.52,0.0,0.42,47.0,45.5,1.3,0.0
22:32:21,25.75,0.0,0.42,46.5,45.5,1.22,0.0
22:32:24,25.75,0.0,0.42,47.5,45.0,1.3,0.0
22:32:26,20.52,0.0,0.42,47.0,45.5,1.22,0.0
22:32:29,20.52,0.0,0.42,46.5,46.0,1.18,0.0
22:32:31,25.75,0.0,0.42,46.0,45.5,1.22,0.0
22:32:34,25.75,0.0,0.42,46.5,45.5,1.18,0.0
22:32:36,20.52,0.0,0.42,46.5,45.0,1.26,0.0
22:32:39,20.52,0.0,0.42,47.0,45.5,1.25,0.0
22:32:41,25.74,0.0,0.42,47.0,45.5,1.25,0.0
22:32:44,25.75,0.0,0.42,46.0,45.5,1.22,0.0
22:32:46,20.52,0.0,0.42,47.0,45.5,1.25,0.0
22:32:49,20.52,0.0,0.42,47.5,45.0,1.22,0.0
22:32:51,25.74,0.0,0.42,46.5,45.5,1.26,0.0
22:32:54,25.74,0.0,0.42,46.5,45.5,1.3,0.0
22:32:56,20.52,0.0,0.42,46.0,46.0,1.22,0.0
22:32:59,20.52,0.0,0.42,46.5,45.5,1.34,0.0
22:33:01,25.74,0.0,0.42,47.0,45.0,1.22,0.0
22:33:04,25.74,0.0,0.42,46.0,45.0,1.06,0.0
22:33:06,20.52,0.0,0.42,47.0,45.5,1.3,0.0
22:33:09,20.52,0.0,0.42,47.5,45.5,1.22,0.0
22:33:11,25.74,0.0,0.42,47.5,45.5,1.26,0.0
22:33:14,25.74,0.0,0.42,47.0,45.5,1.22,0.0
22:33:16,20.52,0.0,0.42,47.0,45.0,1.3,0.0
22:33:19,20.52,0.0,0.42,47.5,45.5,1.18,0.0
22:33:21,25.74,0.0,0.42,46.5,45.0,1.22,0.0
22:33:24,25.74,0.0,0.42,47.0,45.5,1.3,0.0
22:33:26,20.52,0.0,0.42,47.5,45.5,1.18,0.0
22:33:29,20.52,0.0,0.42,46.5,45.5,1.26,0.0
22:33:31,25.74,0.0,0.42,47.0,45.5,1.22,0.0
22:33:34,25.74,0.0,0.42,46.5,45.5,1.3,0.0
22:33:36,20.52,0.0,0.42,46.5,45.0,1.22,0.0
22:33:39,20.52,0.0,0.42,46.5,45.5,1.26,0.0
22:33:41,25.74,0.0,0.42,46.5,45.5,1.18,0.0
22:33:44,25.74,0.0,0.42,46.5,45.5,1.3,0.0
22:33:46,20.52,0.0,0.42,47.0,45.5,1.22,0.0
22:33:49,20.52,0.0,0.42,46.5,45.5,1.22,0.0
22:33:51,25.74,0.0,0.42,47.0,45.0,1.22,0.0
22:33:54,25.74,0.0,0.42,47.5,45.0,1.18,0.0
22:33:56,20.52,0.0,0.42,46.5,45.5,1.22,0.0
22:33:59,20.52,0.0,0.42,46.0,46.0,1.22,0.0
22:34:01,25.74,0.0,0.42,47.5,45.0,1.25,0.0
22:34:04,25.74,0.0,0.42,47.0,46.0,1.22,0.0
22:34:06,20.52,0.0,0.42,46.5,45.0,1.3,0.0
22:34:09,20.52,0.0,0.42,46.5,45.0,1.22,0.0
22:34:11,25.74,0.0,0.42,46.5,45.5,1.26,0.0
22:34:14,25.74,0.0,0.42,46.0,45.5,1.22,0.0
22:34:16,20.52,0.0,0.42,47.0,45.5,1.18,0.0
22:34:19,20.52,0.0,0.42,48.0,45.5,1.26,0.0
22:34:21,25.74,0.0,0.42,46.0,45.0,1.3,0.0
22:34:24,25.74,0.0,0.42,47.5,45.5,1.26,0.0
22:34:26,20.52,0.0,0.42,47.0,45.5,1.26,0.0
22:34:29,20.52,0.0,0.42,47.0,45.5,1.26,0.0
22:34:31,25.74,0.0,0.42,46.5,45.5,1.26,0.0
22:34:34,25.74,0.0,0.42,47.0,45.5,1.3,0.0
22:34:36,20.52,0.0,0.42,47.0,45.5,1.22,0.0
22:34:39,20.52,0.0,0.42,46.5,45.5,1.3,0.0
22:34:41,25.74,0.0,0.42,46.5,45.5,1.18,0.0
22:34:44,25.74,0.0,0.42,46.5,45.5,1.3,0.0
22:34:46,20.52,0.0,0.42,47.0,45.5,1.22,0.0
22:34:49,20.52,0.0,0.42,47.5,45.5,1.3,0.0
22:34:51,25.74,0.0,0.42,46.5,45.5,1.22,0.0
22:34:54,25.74,0.0,0.42,47.0,45.5,1.26,0.0
22:34:56,20.52,0.0,0.42,46.5,45.5,1.18,0.0
22:34:59,20.52,0.0,0.42,47.0,45.5,1.25,0.0
22:35:01,25.74,0.0,0.42,47.0,45.0,1.26,0.0
22:35:04,25.74,0.0,0.42,47.0,45.5,1.22,0.0
22:35:06,20.52,0.0,0.42,47.0,45.0,1.22,0.0
22:35:09,20.52,0.0,0.42,46.5,45.5,1.22,0.0
22:35:11,25.74,0.0,0.42,46.5,45.0,1.3,0.0
22:35:14,25.74,0.0,0.42,46.5,45.5,1.22,0.0
22:35:16,20.52,0.0,0.42,47.0,45.5,1.34,0.0
22:35:19,20.52,0.0,0.42,47.0,45.0,1.22,0.0
22:35:21,25.74,0.0,0.42,46.0,46.0,1.3,0.0
22:35:24,25.74,0.0,0.42,47.0,45.5,1.22,0.0
22:35:26,20.52,0.0,0.42,47.0,45.5,1.18,0.0
22:35:29,20.52,0.0,0.42,47.0,45.5,1.26,0.0
22:35:31,25.74,0.0,0.42,47.0,45.5,1.3,0.0
22:35:34,25.74,0.0,0.42,46.5,45.5,1.26,0.0
22:35:36,20.52,0.0,0.42,47.0,45.5,1.22,0.0
22:35:39,20.52,0.0,0.42,46.0,45.5,1.3,0.0
22:35:41,25.74,0.0,0.42,46.0,45.5,1.22,0.0
22:35:44,25.74,0.0,0.42,47.5,45.5,1.3,0.0
22:35:46,20.52,0.0,0.42,46.5,45.0,1.18,0.0
22:35:49,20.52,0.0,0.42,47.0,45.5,1.22,0.0
22:35:52,25.74,0.0,0.42,46.5,45.5,1.26,0.0
22:35:54,25.74,0.0,0.42,47.5,45.0,1.18,0.0
22:35:57,20.52,0.0,0.42,47.0,45.5,1.22,0.0
22:35:59,20.52,0.0,0.42,46.5,45.0,1.22,0.0
22:36:02,25.74,0.0,0.42,47.0,45.5,1.3,0.0
22:36:04,25.74,0.0,0.42,47.0,45.5,1.22,0.0
22:36:07,20.52,0.0,0.42,47.0,46.0,1.3,0.0
22:36:09,20.52,0.0,0.42,46.5,45.5,1.18,0.0
22:36:12,25.74,0.0,0.42,46.0,45.5,1.3,0.0
22:36:14,25.74,0.0,0.42,46.0,45.5,1.22,0.0
22:36:17,20.52,0.0,0.42,46.5,45.5,1.3,0.0
22:36:19,20.52,0.0,0.42,47.0,45.5,1.22,0.0
22:36:22,25.74,0.0,0.42,47.5,45.5,1.3,0.0
22:36:24,25.74,0.0,0.42,46.0,45.0,1.22,0.0
22:36:27,20.52,0.0,0.42,47.0,45.5,1.22,0.0
22:36:29,20.52,0.0,0.42,46.5,45.5,1.3,0.0
22:36:32,25.74,0.0,0.42,46.5,45.5,1.22,0.0
22:36:34,25.74,0.0,0.42,47.0,45.5,1.3,0.0
22:36:37,20.52,0.0,0.42,46.5,45.5,1.26,0.0
22:36:39,20.52,0.0,0.42,47.0,45.5,1.22,0.0
22:36:42,25.74,0.0,0.42,46.5,45.5,1.26,0.0
22:36:44,25.74,0.0,0.42,46.5,46.0,1.22,0.0
22:36:47,20.52,0.0,0.42,46.5,45.5,1.3,0.0
22:36:49,20.52,0.0,0.42,47.5,46.0,1.22,0.0
22:36:52,25.74,0.0,0.42,47.0,45.5,1.26,0.0
22:36:54,25.74,0.0,0.42,47.0,45.5,1.26,0.0
22:36:57,20.52,0.0,0.42,46.5,45.5,1.22,0.0
22:36:59,20.52,0.0,0.42,47.0,45.5,1.3,0.0
22:37:02,25.74,0.0,0.42,46.5,45.5,1.26,0.0
22:37:04,25.74,0.0,0.42,46.5,45.5,1.3,0.0
22:37:07,20.52,0.0,0.42,47.5,45.5,1.22,0.0
22:37:09,20.52,0.0,0.42,47.0,45.5,1.22,0.0
22:37:12,25.74,0.0,0.42,47.0,45.5,1.26,0.0
22:37:14,25.74,0.0,0.42,46.0,45.5,1.3,0.0
22:37:17,20.52,0.0,0.42,46.5,45.5,1.26,0.0
22:37:19,20.52,0.0,0.42,48.0,45.5,1.3,0.0
22:37:22,25.74,0.0,0.42,46.5,45.0,1.22,0.0
22:37:24,25.74,0.0,0.42,47.0,45.5,1.22,0.0
22:37:27,20.52,0.0,0.42,47.0,45.5,1.26,0.0
22:37:29,20.52,0.0,0.42,46.5,45.5,1.25,0.0
22:37:32,25.74,0.0,0.42,47.0,45.0,1.26,0.0
22:37:34,25.74,0.0,0.42,47.0,45.0,1.22,0.0
22:37:37,20.52,0.0,0.42,47.5,45.5,1.22,0.0
22:37:39,20.52,0.0,0.42,46.5,45.0,1.3,0.0
22:37:42,25.74,0.0,0.42,47.0,45.5,1.22,0.0
22:37:44,25.74,0.0,0.42,46.5,45.5,1.3,0.0
22:37:47,20.52,0.0,0.42,46.5,45.5,1.22,0.0
22:37:49,20.52,0.0,0.42,47.5,45.0,1.26,0.0
22:37:52,25.74,0.0,0.42,46.0,45.5,1.26,0.0
22:37:54,25.74,0.0,0.42,48.0,45.0,1.22,0.0
22:37:57,20.52,0.0,0.42,46.5,45.0,1.22,0.0
22:37:59,20.52,0.0,0.42,47.5,45.5,1.22,0.0
22:38:02,25.74,0.0,0.42,47.5,45.0,1.22,0.0
22:38:04,25.74,0.0,0.42,47.5,45.5,1.22,0.0
22:38:07,20.52,0.0,0.42,47.0,45.5,1.26,0.0
22:38:09,20.52,0.0,0.42,47.0,45.5,1.22,0.0
22:38:12,25.74,0.0,0.42,47.5,45.0,1.26,0.0
22:38:14,25.74,0.0,0.42,47.0,45.5,1.3,0.0
22:38:17,20.52,0.0,0.42,47.0,45.0,1.26,0.0
22:38:19,20.52,0.0,0.42,46.5,45.5,1.26,0.0
22:38:22,25.74,0.0,0.42,47.5,45.5,1.26,0.0
22:38:24,25.74,0.0,0.42,47.0,45.5,1.22,0.0
22:38:27,20.52,0.0,0.42,46.5,45.5,1.26,0.0
22:38:29,20.52,0.0,0.42,46.0,45.5,1.22,0.0
22:38:32,25.74,0.0,0.42,46.5,45.5,1.3,0.0
22:38:34,25.74,0.0,0.42,47.0,45.5,1.22,0.0
22:38:37,20.52,0.0,0.42,47.0,45.5,1.3,0.0
22:38:39,20.52,0.0,0.42,46.5,45.5,1.3,0.0
22:38:42,25.74,0.0,0.42,46.0,45.5,1.22,0.0
22:38:44,25.74,0.0,0.42,47.5,45.5,1.26,0.0
22:38:47,20.52,0.0,0.42,47.0,45.5,1.22,0.0
22:38:49,20.52,0.0,0.42,46.5,45.5,1.26,0.0
22:38:52,25.73,0.0,0.42,46.5,45.0,1.22,0.0
22:38:54,25.73,0.0,0.42,48.0,45.5,1.22,0.0
22:38:57,20.52,0.0,0.42,48.0,45.0,1.22,0.0
22:38:59,20.52,0.0,0.42,46.5,45.5,1.22,0.0
22:39:02,25.73,0.0,0.42,47.5,45.5,1.5,0.0
22:39:04,25.73,0.0,0.42,47.0,45.5,1.26,0.0
22:39:07,20.52,0.0,0.42,47.5,45.5,1.18,0.0
22:39:09,20.52,0.0,0.42,47.0,45.5,1.3,0.0
22:39:12,25.73,0.0,0.42,46.5,45.5,1.26,0.0
22:39:14,25.73,0.0,0.42,46.5,45.5,1.34,0.0
22:39:17,20.52,0.0,0.42,46.0,45.5,1.22,0.0
22:39:19,20.52,0.0,0.42,48.0,45.5,1.22,0.0
22:39:22,25.73,0.0,0.42,47.0,45.5,1.26,0.0
22:39:24,25.73,0.0,0.42,46.5,45.5,1.1,0.0
22:39:27,20.52,0.0,0.42,47.0,45.5,1.34,0.0
22:39:29,20.52,0.0,0.42,48.0,45.5,1.22,0.0
22:39:32,25.73,0.0,0.42,46.5,45.5,1.3,0.0
22:39:34,25.73,0.0,0.42,46.5,45.5,1.26,0.0
22:39:37,20.52,0.0,0.42,46.0,45.5,1.22,0.0
22:39:39,20.52,0.0,0.42,46.5,45.5,1.26,0.0
22:39:42,25.73,0.0,0.42,46.5,45.0,1.22,0.0
22:39:44,25.73,0.0,0.42,46.5,45.5,1.3,0.0
22:39:47,20.52,0.0,0.42,46.5,45.5,1.22,0.0
22:39:49,20.52,0.0,0.42,47.0,45.0,1.26,0.0
22:39:52,25.73,0.0,0.42,46.5,45.5,1.22,0.0
22:39:54,25.73,0.0,0.42,47.0,45.5,1.26,0.0
22:39:57,20.52,0.0,0.42,47.0,45.5,1.22,0.0
22:39:59,20.52,0.0,0.42,47.5,45.0,1.25,0.0
22:40:02,25.73,0.0,0.42,46.5,45.0,1.17,0.0
22:40:04,25.73,0.0,0.42,46.5,46.0,1.22,0.0
22:40:07,20.52,0.0,0.42,47.5,45.5,1.26,0.0
22:40:09,20.52,0.0,0.42,47.0,45.0,1.22,0.0
22:40:12,25.73,0.0,0.42,47.5,45.5,1.3,0.0
22:40:14,25.73,0.0,0.42,47.0,46.0,1.18,0.0
22:40:17,20.52,0.0,0.42,46.5,45.0,1.3,0.0
22:40:19,20.52,0.0,0.42,47.0,45.5,1.22,0.0
22:40:22,25.73,0.0,0.42,47.0,46.0,1.3,0.0
22:40:24,25.73,0.0,0.42,47.0,45.5,1.18,0.0
22:40:27,20.52,0.0,0.42,47.0,45.5,1.22,0.0
22:40:29,20.52,0.0,0.42,47.5,45.5,1.26,0.0
22:40:32,25.73,0.0,0.42,47.0,46.0,1.22,0.0
22:40:34,25.73,0.0,0.42,47.0,46.0,1.3,0.0
22:40:37,20.52,0.0,0.42,47.0,45.5,1.22,0.0
22:40:39,20.52,0.0,0.42,46.5,46.0,1.26,0.0
22:40:42,25.73,0.0,0.42,47.5,45.5,1.22,0.0
22:40:44,25.73,0.0,0.42,46.5,45.5,1.3,0.0
22:40:47,20.52,0.0,0.42,47.0,45.0,1.22,0.0
22:40:49,20.52,0.0,0.42,46.5,45.5,1.22,0.0
22:40:52,25.73,0.0,0.42,47.5,45.5,1.3,0.0
22:40:54,25.73,0.0,0.42,47.0,45.5,1.18,0.0
22:40:57,20.52,0.0,0.42,47.5,45.0,1.26,0.0
22:40:59,20.52,0.0,0.42,47.0,45.5,1.22,0.0
22:41:02,25.73,0.0,0.42,47.0,45.0,1.22,0.0
22:41:04,25.73,0.0,0.42,46.5,45.0,1.26,0.0
22:41:07,20.52,0.0,0.42,47.0,45.5,1.22,0.0
22:41:09,20.52,0.0,0.42,46.5,45.0,1.26,0.0
22:41:12,25.73,0.0,0.42,46.5,45.5,1.22,0.0
22:41:14,25.73,0.0,0.42,47.5,45.5,1.26,0.0
22:41:17,20.52,0.0,0.42,47.0,45.5,1.22,0.0
22:41:19,20.52,0.0,0.42,47.0,45.5,1.22,0.0
22:41:22,25.73,0.0,0.42,47.5,45.5,1.26,0.0
22:41:24,25.73,0.0,0.42,47.5,45.5,1.22,0.0
22:41:27,20.52,0.0,0.42,46.5,45.0,1.34,0.0
22:41:29,20.52,0.0,0.42,46.5,45.5,1.22,0.0
22:41:32,25.73,0.0,0.42,47.0,45.0,1.3,0.0
22:41:34,25.73,0.0,0.42,47.5,45.0,1.22,0.0
22:41:37,20.52,0.0,0.42,46.5,45.5,1.26,0.0
22:41:39,20.52,0.0,0.42,46.5,45.5,1.3,0.0
22:41:42,25.73,0.0,0.42,47.0,45.5,1.22,0.0
22:41:44,25.73,0.0,0.42,47.0,45.0,1.3,0.0
22:41:47,20.52,0.0,0.42,46.5,45.5,1.22,0.0
22:41:49,20.52,0.0,0.42,46.5,45.0,1.26,0.0
22:41:52,25.73,0.0,0.42,47.0,45.5,1.22,0.0
22:41:54,25.74,0.0,0.42,46.5,45.5,1.22,0.0
22:41:57,20.52,0.0,0.42,47.0,45.5,1.18,0.0
22:41:59,20.52,0.0,0.42,46.5,45.5,1.18,0.0
22:42:02,25.73,0.0,0.42,47.5,45.5,1.29,0.0
22:42:04,25.73,0.0,0.42,47.5,45.5,1.22,0.0
22:42:07,20.52,0.0,0.42,46.0,45.5,1.26,0.0
22:42:09,20.52,0.0,0.42,47.0,45.5,1.22,0.0
22:42:12,25.73,0.0,0.42,47.0,45.5,1.26,0.0
22:42:14,25.73,0.0,0.42,47.0,45.0,1.3,0.0
22:42:17,20.52,0.0,0.42,47.0,45.0,1.22,0.0
22:42:19,20.52,0.0,0.42,46.5,45.5,1.26,0.0
22:42:22,25.74,0.0,0.42,46.0,45.0,1.22,0.0
22:42:24,25.73,0.0,0.42,46.5,45.5,1.26,0.0
22:42:27,20.52,0.0,0.42,47.0,45.5,1.26,0.0
22:42:29,20.52,0.0,0.42,46.5,45.0,1.18,0.0
22:42:32,25.74,0.0,0.42,46.5,45.5,1.18,0.0
22:42:34,25.74,0.0,0.42,47.0,45.5,1.22,0.0
22:42:37,20.52,0.0,0.42,46.5,45.5,1.22,0.0
22:42:39,20.52,0.0,0.42,47.0,45.0,1.26,0.0
22:42:42,25.74,0.0,0.42,47.0,45.5,1.3,0.0
22:42:44,25.74,0.0,0.42,47.5,45.5,1.26,0.0
22:42:47,20.52,0.0,0.42,47.5,45.0,1.22,0.0
22:42:49,20.52,0.0,0.42,47.0,45.5,1.25,0.0
22:42:52,25.74,0.0,0.42,46.0,45.5,1.22,0.0
22:42:54,25.74,0.0,0.42,47.0,45.0,1.3,0.0
22:42:57,20.52,0.0,0.42,47.5,45.5,1.22,0.0
22:42:59,20.52,0.0,0.42,46.5,45.0,1.22,0.0
22:43:02,25.74,0.0,0.42,47.0,45.5,1.22,0.0
22:43:04,25.74,0.0,0.42,48.0,45.0,1.22,0.0
22:43:07,20.52,0.0,0.42,47.5,45.0,1.26,0.0
22:43:09,20.52,0.0,0.42,46.5,45.0,1.18,0.0
22:43:12,25.74,0.0,0.42,47.5,45.0,1.26,0.0
22:43:14,25.73,0.0,0.42,47.0,45.5,1.22,0.0
22:43:17,20.52,0.0,0.42,47.5,45.0,1.22,0.0
22:43:19,20.52,0.0,0.42,47.0,45.5,1.3,0.0
22:43:22,25.74,0.0,0.42,47.5,45.5,1.22,0.0
22:43:24,25.74,0.0,0.42,46.5,45.5,1.3,0.0
22:43:27,20.52,0.0,0.42,46.5,45.5,1.22,0.0
22:43:29,20.52,0.0,0.42,46.5,45.5,1.26,0.0
22:43:32,25.73,0.0,0.42,47.0,45.0,1.22,0.0
22:43:34,25.73,0.0,0.42,47.0,45.5,1.25,0.0
22:43:37,20.52,0.0,0.42,47.0,45.5,1.34,0.0
22:43:39,20.52,0.0,0.42,46.5,45.5,1.26,0.0
22:43:42,25.73,0.0,0.42,48.0,45.5,1.26,0.0
22:43:44,25.73,0.0,0.42,46.5,45.5,1.3,0.0
22:43:47,20.52,0.0,0.42,47.5,45.0,1.22,0.0
22:43:49,20.52,0.0,0.42,46.5,45.0,1.3,0.0
22:43:52,25.73,0.0,0.42,47.0,45.0,1.22,0.0
22:43:54,25.73,0.0,0.42,46.5,45.0,1.26,0.0
22:43:57,20.52,0.0,0.42,46.5,45.5,1.22,0.0
22:43:59,20.52,0.0,0.42,46.5,45.5,1.26,0.0
22:44:02,25.73,0.0,0.42,46.5,45.0,1.22,0.0
22:44:04,25.73,0.0,0.42,46.5,45.5,1.26,0.0
22:44:07,20.52,0.0,0.42,46.5,45.0,1.3,0.0
22:44:09,20.52,0.0,0.42,47.5,45.5,1.22,0.0
22:44:12,25.73,0.0,0.42,46.0,45.5,1.3,0.0
22:44:14,25.73,0.0,0.42,47.5,45.5,1.3,0.0
22:44:17,20.52,0.0,0.42,46.0,45.5,1.3,0.0
22:44:20,20.52,0.0,0.42,47.0,45.5,1.25,0.0
22:44:22,25.73,0.0,0.42,48.0,45.5,1.22,0.0
22:44:25,25.73,0.0,0.42,47.0,45.5,1.26,0.0
22:44:27,20.52,0.0,0.42,46.5,45.5,1.22,0.0
22:44:30,20.52,0.0,0.42,47.0,45.5,1.25,0.0
22:44:32,25.73,0.0,0.42,46.5,45.5,1.22,0.0
22:44:35,25.73,0.0,0.42,47.5,45.0,1.22,0.0
22:44:37,20.52,0.0,0.42,47.0,45.5,1.3,0.0
22:44:40,20.52,0.0,0.42,47.5,45.5,1.22,0.0
22:44:42,25.73,0.0,0.42,47.5,45.5,1.3,0.0
22:44:45,25.73,0.0,0.42,47.0,45.5,1.22,0.0
22:44:47,20.53,0.0,0.42,48.0,45.5,1.3,0.0
22:44:50,20.53,0.0,0.42,47.0,45.5,1.22,0.0
22:44:52,25.73,0.0,0.42,46.5,45.5,1.22,0.0
22:44:55,25.73,0.0,0.42,46.0,45.5,1.3,0.0
22:44:57,20.53,0.0,0.42,47.0,45.5,1.22,0.0
22:45:00,20.53,0.0,0.42,46.5,45.5,1.22,0.0
22:45:02,25.73,0.0,0.42,47.0,45.5,1.3,0.0
22:45:05,25.73,0.0,0.42,48.0,45.5,1.22,0.0
22:45:07,20.53,0.0,0.42,47.5,45.5,1.26,0.0
22:45:10,20.53,0.0,0.42,47.5,45.5,1.22,0.0
22:45:12,25.73,0.0,0.42,46.5,45.5,1.26,0.0
22:45:15,25.73,0.0,0.42,47.0,45.5,1.26,0.0
22:45:17,20.53,0.0,0.42,46.5,45.0,1.26,0.0
22:45:20,20.53,0.0,0.42,47.0,45.5,1.3,0.0
22:45:22,25.73,0.0,0.42,47.5,45.5,1.26,0.0
22:45:25,25.73,0.0,0.42,46.5,45.5,1.3,0.0
22:45:27,20.53,0.0,0.42,47.0,45.5,1.22,0.0
22:45:30,20.53,0.0,0.42,47.5,45.5,1.22,0.0
22:45:32,25.73,0.0,0.42,46.5,46.0,1.22,0.0
22:45:35,25.73,0.0,0.42,47.5,45.5,1.26,0.0
22:45:37,20.53,0.0,0.42,47.5,45.5,1.34,0.0
22:45:40,20.53,0.0,0.42,46.5,45.0,1.3,0.0
22:45:42,25.73,0.0,0.42,47.5,45.5,1.14,0.0
22:45:45,25.73,0.0,0.42,47.0,45.5,1.26,0.0
22:45:47,20.53,0.0,0.42,47.0,45.5,1.22,0.0
22:45:50,20.53,0.0,0.42,46.0,45.5,1.3,0.0
22:45:52,25.73,0.0,0.42,47.0,45.5,1.22,0.0
22:45:55,25.73,0.0,0.42,47.0,45.5,1.22,0.0
22:45:57,20.53,0.0,0.42,47.0,45.5,1.3,0.0
22:46:00,20.53,0.0,0.42,46.5,45.5,1.22,0.0
22:46:02,25.73,0.0,0.42,47.0,45.5,1.26,0.0
22:46:05,25.73,0.0,0.42,47.5,45.5,1.22,0.0
22:46:07,20.53,0.0,0.42,46.5,45.5,1.22,0.0
22:46:10,20.53,0.0,0.42,46.5,45.5,1.3,0.0
22:46:12,25.73,0.0,0.42,47.0,45.0,1.18,0.0
22:46:15,25.73,0.0,0.42,47.0,46.0,1.3,0.0
22:46:17,20.53,0.0,0.42,47.5,45.5,1.3,0.0
22:46:20,20.53,0.0,0.42,46.5,45.5,1.26,0.0
22:46:22,25.73,0.0,0.42,47.0,45.5,1.3,0.0
22:46:25,25.73,0.0,0.42,47.0,45.5,1.22,0.0
22:46:27,20.53,0.0,0.42,46.5,45.5,1.26,0.0
22:46:30,20.53,0.0,0.42,46.5,45.5,1.34,0.0
22:46:32,25.73,0.0,0.42,47.0,45.5,1.22,0.0
22:46:35,25.73,0.0,0.42,46.5,45.0,1.22,0.0
22:46:37,20.53,0.0,0.42,47.5,45.5,1.3,0.0
22:46:40,20.53,0.0,0.42,47.5,45.5,1.26,0.0
