CPU (%),Memory (%),Time
99.9,2.290437534193911,0.0
99.9,2.290437534193911,5.0
99.9,2.296943618861731,10.0
99.9,2.296943618861731,15.0
99.9,2.296943618861731,20.0
98.9,2.296943618861731,25.0
98.9,2.296943618861731,30.0
99.9,2.296943618861731,35.0
99.9,2.296943618861731,40.0
99.9,2.296943618861731,45.0
99.9,2.296943618861731,50.0
99.9,2.296943618861731,55.0
98.9,2.296943618861731,60.0
99.9,2.296943618861731,65.0
99.9,2.296943618861731,70.0
98.9,2.296943618861731,75.0
99.9,2.296943618861731,80.0
99.9,2.296943618861731,85.0
99.9,2.296943618861731,90.0
99.9,2.296943618861731,95.0
99.9,2.296943618861731,100.0
98.9,2.296943618861731,105.0
99.9,2.296943618861731,110.0
99.9,2.296943618861731,115.0
98.9,2.296943618861731,120.0
98.9,2.296943618861731,125.0
99.9,2.296943618861731,130.0
99.9,2.296943618861731,135.0
98.9,2.296943618861731,140.0
98.9,2.296943618861731,145.0
98.9,2.303449703529551,150.0
99.0,2.303449703529551,155.0
98.9,2.303449703529551,160.0
97.9,2.303449703529551,165.0
97.9,2.303449703529551,170.0
97.9,2.303449703529551,175.0
97.9,2.303449703529551,180.0
98.9,2.303449703529551,185.0
97.9,2.303449703529551,190.0
97.9,2.303449703529551,195.0
97.9,2.303449703529551,200.0
98.9,2.303449703529551,205.0
97.9,2.303449703529551,210.0
98.9,2.303449703529551,215.0
98.9,2.303449703529551,220.0
104.0,2.303449703529551,225.0
100.9,2.303449703529551,230.0
100.9,2.303449703529551,235.0
99.9,2.303449703529551,240.0
98.9,2.303449703529551,245.0
99.9,2.303449703529551,250.0
98.9,2.303449703529551,255.0
99.9,2.303449703529551,260.0
99.9,2.311434443803694,265.0
98.9,2.311434443803694,270.0
98.9,2.311434443803694,275.0
98.9,2.311434443803694,280.0
98.9,2.311434443803694,285.0
99.9,2.311434443803694,290.0
99.0,2.311434443803694,295.0
98.9,2.311434443803694,300.0
99.9,2.311434443803694,305.0
99.9,2.311434443803694,310.0
98.9,2.311434443803694,315.0
98.9,2.311434443803694,320.0
98.9,2.311434443803694,325.0
100.0,2.311434443803694,330.0
99.9,2.311434443803694,335.0
98.9,2.311434443803694,340.0
100.0,2.311434443803694,345.0
99.9,2.311434443803694,350.0
98.9,2.311434443803694,355.0
98.9,2.311434443803694,360.0
98.9,2.311434443803694,365.0
100.0,2.311434443803694,370.0
98.9,2.311434443803694,375.0
99.9,2.311434443803694,380.0
99.9,2.3179405284715138,385.0
99.9,2.3179405284715138,390.0
98.9,2.3179405284715138,395.0
98.9,2.3179405284715138,400.0
98.9,2.3179405284715138,405.0
98.9,2.3179405284715138,410.0
99.9,2.3179405284715138,415.0
98.9,2.3179405284715138,420.0
98.9,2.3179405284715138,425.0
99.9,2.3179405284715138,430.0
99.9,2.3179405284715138,435.0
99.9,2.3179405284715138,440.0
98.9,2.3179405284715138,445.0
98.9,2.3179405284715138,450.0
98.9,2.3179405284715138,455.0
98.9,2.3179405284715138,460.0
98.9,2.3179405284715138,465.0
98.9,2.3179405284715138,470.0
99.9,2.3179405284715138,475.0
98.9,2.3179405284715138,480.0
99.9,2.3179405284715138,485.0
98.9,2.3179405284715138,490.0
98.9,2.3179405284715138,495.0
96.9,2.318531990714043,500.0
97.9,2.318531990714043,505.0
96.9,2.318531990714043,510.0
99.9,2.318531990714043,515.0
98.9,2.318531990714043,520.0
98.9,2.318531990714043,525.0
99.9,2.318531990714043,530.0
96.9,2.3274039243519793,535.0
98.9,2.3274039243519793,540.0
99.9,2.3274039243519793,545.0
98.9,2.3274039243519793,550.0
98.9,2.3274039243519793,555.0
99.9,2.3274039243519793,560.0
98.9,2.3274039243519793,565.0
98.9,2.3274039243519793,570.0
99.9,2.3274039243519793,575.0
98.9,2.3274039243519793,580.0
99.9,2.3274039243519793,585.0
99.9,2.3274039243519793,590.0
98.9,2.3274039243519793,595.0
99.9,2.3274039243519793,600.0
99.9,2.3274039243519793,605.0
98.9,2.3274039243519793,610.0
98.9,2.3274039243519793,615.0
99.9,2.3274039243519793,620.0
98.9,2.3274039243519793,625.0
96.9,2.3274039243519793,630.0
97.9,2.3274039243519793,635.0
96.9,2.3274039243519793,640.0
96.9,2.3274039243519793,645.0
98.9,2.3274039243519793,650.0
98.9,2.3274039243519793,655.0
99.9,2.3274039243519793,660.0
98.9,2.3274039243519793,665.0
98.9,2.333712854938956,670.0
98.9,2.333712854938956,675.0
99.9,2.333712854938956,680.0
98.9,2.333712854938956,685.0
99.9,2.333712854938956,690.0
98.9,2.333712854938956,695.0
98.9,2.333712854938956,700.0
99.9,2.333712854938956,705.0
98.9,2.333712854938956,710.0
99.9,2.333712854938956,715.0
98.9,2.333712854938956,720.0
99.9,2.333712854938956,725.0
98.9,2.333712854938956,730.0
98.9,2.333712854938956,735.0
100.0,2.333712854938956,740.0
98.9,2.333712854938956,745.0
98.9,2.333712854938956,750.0
99.9,2.333712854938956,755.0
98.9,2.333712854938956,760.0
99.9,2.333712854938956,765.0
99.9,2.333712854938956,770.0
99.9,2.333712854938956,775.0
99.9,2.333712854938956,780.0
99.9,2.333712854938956,785.0
98.9,2.333712854938956,790.0
98.9,2.333712854938956,795.0
98.9,2.333712854938956,800.0
99.9,2.333712854938956,805.0
99.9,2.340218939606776,810.0
99.9,2.340218939606776,815.0
98.9,2.340218939606776,820.0
97.9,2.340218939606776,825.0
97.9,2.340218939606776,830.0
99.9,2.340218939606776,835.0
98.9,2.340218939606776,840.0
98.9,2.340218939606776,845.0
99.9,2.340218939606776,850.0
98.9,2.340218939606776,855.0
98.9,2.340218939606776,860.0
99.9,2.340218939606776,865.0
99.9,2.340218939606776,870.0
98.9,2.340218939606776,875.0
99.9,2.340218939606776,880.0
98.9,2.340218939606776,885.0
98.9,2.340218939606776,890.0
98.9,2.340218939606776,895.0
98.9,2.340218939606776,900.0
99.9,2.340218939606776,905.0
98.9,2.340218939606776,910.0
98.9,2.340218939606776,915.0
98.9,2.340218939606776,920.0
98.9,2.340218939606776,925.0
99.9,2.340218939606776,930.0
98.9,2.340218939606776,935.0
99.9,2.340218939606776,940.0
99.9,2.340218939606776,945.0
100.0,2.340218939606776,950.0
98.9,2.340218939606776,955.0
99.9,2.340218939606776,960.0
99.9,2.340218939606776,965.0
99.9,2.340218939606776,970.0
98.9,2.340218939606776,975.0
98.9,2.340218939606776,980.0
98.9,2.340218939606776,985.0
99.9,2.3467250242745963,990.0
99.9,2.3467250242745963,995.0
98.9,2.3467250242745963,1000.0
99.9,2.3467250242745963,1005.0
98.9,2.3467250242745963,1010.0
100.0,2.3467250242745963,1015.0
98.9,2.3467250242745963,1020.0
98.9,2.3467250242745963,1025.0
98.9,2.3467250242745963,1030.0
99.9,2.3467250242745963,1035.0
99.9,2.3467250242745963,1040.0
99.9,2.3467250242745963,1045.0
99.9,2.3467250242745963,1050.0
98.9,2.3467250242745963,1055.0
99.9,2.3467250242745963,1060.0
99.9,2.3467250242745963,1065.0
98.9,2.3467250242745963,1070.0
99.9,2.3467250242745963,1075.0
98.9,2.3467250242745963,1080.0
99.9,2.3467250242745963,1085.0
99.9,2.3467250242745963,1090.0
98.9,2.3467250242745963,1095.0
98.9,2.3467250242745963,1100.0
99.9,2.353231108942416,1105.0
99.9,2.353231108942416,1110.0
98.9,2.353231108942416,1115.0
99.9,2.353231108942416,1120.0
98.9,2.353231108942416,1125.0
99.9,2.353231108942416,1130.0
99.9,2.353231108942416,1135.0
98.9,2.353231108942416,1140.0
99.9,2.353231108942416,1145.0
98.9,2.353231108942416,1150.0
99.9,2.353231108942416,1155.0
99.9,2.353231108942416,1160.0
98.9,2.353231108942416,1165.0
99.9,2.353231108942416,1170.0
98.9,2.353231108942416,1175.0
99.9,2.353231108942416,1180.0
98.9,2.353231108942416,1185.0
99.9,2.353231108942416,1190.0
98.9,2.353231108942416,1195.0
98.9,2.353231108942416,1200.0
99.9,2.353231108942416,1205.0
99.9,2.353231108942416,1210.0
99.9,2.353231108942416,1215.0
98.9,2.353231108942416,1220.0
98.9,2.353231108942416,1225.0
98.9,2.353231108942416,1230.0
98.9,2.353231108942416,1235.0
99.9,2.353231108942416,1240.0
98.9,2.353231108942416,1245.0
98.9,2.353231108942416,1250.0
98.9,2.353231108942416,1255.0
99.9,2.353231108942416,1260.0
99.9,2.353231108942416,1265.0
99.9,2.353231108942416,1270.0
98.9,2.353231108942416,1275.0
99.9,2.353231108942416,1280.0
99.9,2.353231108942416,1285.0
99.9,2.353231108942416,1290.0
98.9,2.353231108942416,1295.0
98.9,2.353231108942416,1300.0
99.9,2.353231108942416,1305.0
99.9,2.353231108942416,1310.0
98.9,2.353231108942416,1315.0
98.9,2.353231108942416,1320.0
98.9,2.353231108942416,1325.0
99.9,2.353231108942416,1330.0
99.9,2.353231108942416,1335.0
99.9,2.353231108942416,1340.0
98.9,2.353231108942416,1345.0
98.9,2.353231108942416,1350.0
100.0,2.353231108942416,1355.0
98.9,2.353231108942416,1360.0
99.9,2.353231108942416,1365.0
98.9,2.353231108942416,1370.0
99.9,2.353231108942416,1375.0
98.9,2.353231108942416,1380.0
98.9,2.353231108942416,1385.0
99.9,2.353231108942416,1390.0
99.9,2.353231108942416,1395.0
98.9,2.353231108942416,1400.0
99.9,2.353231108942416,1405.0
99.9,2.353231108942416,1410.0
99.9,2.353231108942416,1415.0
98.9,2.353231108942416,1420.0
98.9,2.353231108942416,1425.0
99.9,2.353231108942416,1430.0
99.9,2.353231108942416,1435.0
98.9,2.353231108942416,1440.0
98.9,2.353231108942416,1445.0
99.9,2.353231108942416,1450.0
99.9,2.353231108942416,1455.0
98.9,2.353231108942416,1460.0
99.9,2.353231108942416,1465.0
98.9,2.353231108942416,1470.0
98.9,2.353231108942416,1475.0
99.9,2.353231108942416,1480.0
98.9,2.353231108942416,1485.0
99.9,2.353231108942416,1490.0
100.0,2.353231108942416,1495.0
99.9,2.353231108942416,1500.0
99.9,2.353231108942416,1505.0
99.9,2.353231108942416,1510.0
99.9,2.353231108942416,1515.0
98.9,2.353231108942416,1520.0
99.9,2.353231108942416,1525.0
98.9,2.353231108942416,1530.0
99.9,2.353231108942416,1535.0
99.9,2.353231108942416,1540.0
99.9,2.353231108942416,1545.0
98.9,2.353231108942416,1550.0
99.9,2.353231108942416,1555.0
99.9,2.353231108942416,1560.0
99.9,2.353231108942416,1565.0
99.9,2.353231108942416,1570.0
99.9,2.353231108942416,1575.0
98.9,2.353231108942416,1580.0
99.9,2.353231108942416,1585.0
98.9,2.353231108942416,1590.0
98.9,2.353231108942416,1595.0
99.9,2.353231108942416,1600.0
99.9,2.353231108942416,1605.0
99.9,2.353231108942416,1610.0
99.9,2.353231108942416,1615.0
99.9,2.353231108942416,1620.0
98.9,2.353231108942416,1625.0
98.9,2.353231108942416,1630.0
99.0,2.353231108942416,1635.0
98.9,2.353231108942416,1640.0
99.9,2.353231108942416,1645.0
98.9,2.353231108942416,1650.0
99.9,2.353231108942416,1655.0
98.9,2.353231108942416,1660.0
99.9,2.353231108942416,1665.0
99.9,2.353231108942416,1670.0
99.9,2.353231108942416,1675.0
98.9,2.353231108942416,1680.0
98.9,2.353231108942416,1685.0
99.9,2.353231108942416,1690.0
98.9,2.353231108942416,1695.0
99.9,2.353231108942416,1700.0
99.9,2.353231108942416,1705.0
99.9,2.353231108942416,1710.0
98.9,2.353231108942416,1715.0
98.9,2.353231108942416,1720.0
99.9,2.353231108942416,1725.0
99.9,2.353231108942416,1730.0
98.9,2.353231108942416,1735.0
99.9,2.353231108942416,1740.0
99.9,2.353231108942416,1745.0
98.9,2.353231108942416,1750.0
99.9,2.353231108942416,1755.0
98.9,2.353231108942416,1760.0
98.9,2.353231108942416,1765.0
98.9,2.353231108942416,1770.0
99.9,2.353231108942416,1775.0
99.9,2.353231108942416,1780.0
99.9,2.353231108942416,1785.0
98.9,2.353231108942416,1790.0
99.9,2.353231108942416,1795.0
99.9,2.353231108942416,1800.0
99.9,2.353231108942416,1805.0
98.9,2.353231108942416,1810.0
99.9,2.353231108942416,1815.0
99.9,2.353231108942416,1820.0
99.9,2.353231108942416,1825.0
98.9,2.353231108942416,1830.0
99.9,2.353231108942416,1835.0
99.9,2.353231108942416,1840.0
99.9,2.353231108942416,1845.0
98.9,2.353231108942416,1850.0
98.9,2.353231108942416,1855.0
100.0,2.353231108942416,1860.0
99.9,2.353231108942416,1865.0
99.9,2.353231108942416,1870.0
98.9,2.353231108942416,1875.0
99.9,2.353231108942416,1880.0
99.9,2.353231108942416,1885.0
99.9,2.353231108942416,1890.0
98.9,2.353231108942416,1895.0
98.9,2.353231108942416,1900.0
98.9,2.353231108942416,1905.0
98.9,2.353231108942416,1910.0
98.9,2.353231108942416,1915.0
99.9,2.353231108942416,1920.0
99.9,2.353231108942416,1925.0
98.9,2.353231108942416,1930.0
100.0,2.353231108942416,1935.0
98.9,2.353231108942416,1940.0
98.9,2.353231108942416,1945.0
98.9,2.353231108942416,1950.0
99.9,2.353231108942416,1955.0
99.9,2.353231108942416,1960.0
99.9,2.353231108942416,1965.0
98.9,2.353231108942416,1970.0
98.9,2.353231108942416,1975.0
99.9,2.353231108942416,1980.0
99.9,2.353231108942416,1985.0
99.9,2.353231108942416,1990.0
98.9,2.353231108942416,1995.0
98.9,2.353231108942416,2000.0
99.9,2.353231108942416,2005.0
99.9,2.353231108942416,2010.0
98.9,2.353231108942416,2015.0
98.9,2.353231108942416,2020.0
99.9,2.353231108942416,2025.0
99.9,2.353231108942416,2030.0
99.9,2.353231108942416,2035.0
98.9,2.353231108942416,2040.0
99.9,2.353231108942416,2045.0
99.9,2.353231108942416,2050.0
98.9,2.353231108942416,2055.0
98.9,2.353231108942416,2060.0
98.9,2.353231108942416,2065.0
98.9,2.353231108942416,2070.0
98.9,2.353231108942416,2075.0
99.9,2.353231108942416,2080.0
99.9,2.353231108942416,2085.0
99.9,2.353231108942416,2090.0
99.9,2.353231108942416,2095.0
98.9,2.353231108942416,2100.0
98.9,2.353231108942416,2105.0
99.9,2.353231108942416,2110.0
99.9,2.353231108942416,2115.0
99.9,2.353231108942416,2120.0
99.9,2.353231108942416,2125.0
99.9,2.353231108942416,2130.0
98.9,2.353231108942416,2135.0
99.9,2.353231108942416,2140.0
98.9,2.353231108942416,2145.0
99.9,2.353231108942416,2150.0
99.9,2.353231108942416,2155.0
99.9,2.353231108942416,2160.0
98.9,2.353231108942416,2165.0
98.9,2.353231108942416,2170.0
99.9,2.353231108942416,2175.0
99.9,2.353231108942416,2180.0
98.9,2.353231108942416,2185.0
98.9,2.353231108942416,2190.0
99.9,2.353231108942416,2195.0
99.9,2.353231108942416,2200.0
99.9,2.353231108942416,2205.0
99.9,2.353231108942416,2210.0
99.9,2.353231108942416,2215.0
98.9,2.353231108942416,2220.0
98.9,2.353231108942416,2225.0
99.9,2.353231108942416,2230.0
98.9,2.353231108942416,2235.0
99.9,2.353231108942416,2240.0
99.9,2.353231108942416,2245.0
98.9,2.353231108942416,2250.0
99.9,2.353231108942416,2255.0
98.9,2.353231108942416,2260.0
99.9,2.353231108942416,2265.0
99.9,2.353231108942416,2270.0
98.9,2.353231108942416,2275.0
99.9,2.353231108942416,2280.0
99.9,2.353231108942416,2285.0
99.9,2.353231108942416,2290.0
99.9,2.353231108942416,2295.0
98.9,2.353231108942416,2300.0
98.9,2.353231108942416,2305.0
99.9,2.353231108942416,2310.0
99.9,2.353231108942416,2315.0
98.9,2.353231108942416,2320.0
98.9,2.353231108942416,2325.0
99.9,2.353231108942416,2330.0
99.9,2.353231108942416,2335.0
99.9,2.353231108942416,2340.0
98.9,2.353231108942416,2345.0
98.9,2.353231108942416,2350.0
99.9,2.353231108942416,2355.0
99.9,2.353231108942416,2360.0
99.9,2.353231108942416,2365.0
99.9,2.353231108942416,2370.0
99.9,2.353231108942416,2375.0
99.9,2.353231108942416,2380.0
98.9,2.353231108942416,2385.0
99.9,2.353231108942416,2390.0
99.9,2.353231108942416,2395.0
99.9,2.353231108942416,2400.0
98.9,2.353231108942416,2405.0
99.9,2.353231108942416,2410.0
99.9,2.353231108942416,2415.0
99.9,2.353231108942416,2420.0
98.9,2.353231108942416,2425.0
98.9,2.353231108942416,2430.0
98.9,2.353231108942416,2435.0
99.9,2.353231108942416,2440.0
98.9,2.353231108942416,2445.0
99.9,2.353231108942416,2450.0
99.9,2.353231108942416,2455.0
99.9,2.353231108942416,2460.0
99.9,2.353231108942416,2465.0
98.9,2.353231108942416,2470.0
99.9,2.353231108942416,2475.0
99.9,2.353231108942416,2480.0
98.9,2.353231108942416,2485.0
98.9,2.353231108942416,2490.0
98.9,2.353231108942416,2495.0
98.9,2.353231108942416,2500.0
98.9,2.353231108942416,2505.0
98.9,2.353231108942416,2510.0
99.9,2.353231108942416,2515.0
99.9,2.353231108942416,2520.0
99.9,2.353231108942416,2525.0
98.9,2.353231108942416,2530.0
98.9,2.353231108942416,2535.0
99.9,2.353231108942416,2540.0
99.9,2.353231108942416,2545.0
99.9,2.353231108942416,2550.0
99.9,2.353231108942416,2555.0
99.9,2.353231108942416,2560.0
99.9,2.353231108942416,2565.0
99.9,2.353231108942416,2570.0
98.9,2.353231108942416,2575.0
99.9,2.353231108942416,2580.0
99.9,2.353231108942416,2585.0
98.9,2.353231108942416,2590.0
99.9,2.353231108942416,2595.0
99.9,2.353231108942416,2600.0
99.9,2.353231108942416,2605.0
